Reference_Year,LGA,WRRG,landFill,recyclingTotal,recyclingProcessed,gardenTotal,gardenProcessed,wasteTotal,wasteProcessed,Estimated_Adult_Population
2007-2008,Alpine,North East ,2140,1594,1189,0,0,3734,1189,12764
2007-2008,Ararat,Grampians Central West ,1842,806,746,0,0,2648,746,11720
2007-2008,Ballarat,Grampians Central West ,17682,9484,7967,0,0,27166,7967,91365
2007-2008,Banyule,Metropolitan ,19131,15832,14382,8137,8137,43100,22519,120949
2007-2008,Bass Coast,Gippsland ,6035,3451,3000.8999,0,0,9486,3000.8999,29157
2007-2008,Baw Baw,Gippsland ,6162,3267.73,2763.1001,2350,2350,11779.73,5113.1001,39809
2007-2008,Bayside,Metropolitan ,19500,13374,12964,6881,6881,39755,19845,93290
2007-2008,Benalla,North East ,3268,1365.15,1195.5,0,0,4633.15,1195.5,14139
2007-2008,Boroondara,Metropolitan ,36857,24259.9004,21859.9004,13362,13362,74478.9004,35221.9004,165004
2007-2008,Brimbank,Metropolitan ,36622,17524,14843,6760.8101,6760.8101,60906.8101,21603.8101,177188
2007-2008,Buloke,Loddon Mallee ,1806.2939,790.2,728.3,0,0,2596.4939,728.3,7006
2007-2008,Campaspe,Goulburn Valley ,8168,3865.96,3499.26,450,430,12483.96,3929.26,38038
2007-2008,Cardinia,Metropolitan ,13100.7598,6152.6699,5377.73,2629.1001,2629.1001,21882.5298,8006.8301,65470
2007-2008,Casey,Metropolitan ,41530,30179,27674.1406,22500,22500,94209,50174.1406,239867
2007-2008,Central Goldfields,Grampians Central West ,2350,598.7,547,80,80,3028.7,627,12769
2007-2008,Colac-Otway,Barwon South West ,4000,2268.9099,2160.5901,1000,1000,7268.9099,3160.5901,21247
2007-2008,Corangamite,Barwon South West ,2408,760.74,707.44,700,700,3868.74,1407.44,17289
2007-2008,Darebin,Metropolitan ,25169,15617,13551,7930,7930,48716,21481,136229
2007-2008,East Gippsland,Gippsland ,7310.96,4300.75,3467.6599,4000,4000,15611.71,7467.6599,42635
2007-2008,Frankston,Metropolitan ,21080,17498.1992,15826.4004,7853,7853,46431.1992,23679.4004,125119
2007-2008,Gannawarra,Loddon Mallee ,2206,1915,1741,0,0,4121,1741,11623
2007-2008,Glen Eira,Metropolitan ,35396,14532,13805.4004,3413,3413,53341,17218.4004,131800
2007-2008,Glenelg,Barwon South West ,2512.6799,2031.46,1360.38,0,0,4544.1399,1360.38,20741
2007-2008,Golden Plains,Grampians Central West ,4560,1011.94,936.04,0,0,5571.94,936.04,17837
2007-2008,Greater Bendigo,Loddon Mallee ,25033,9476,8555,0,0,34509,8555,100473
2007-2008,Greater Dandenong,Metropolitan ,27150.0996,12146,10931.4004,12729.4004,12729.4004,52025.5,23660.8008,133135
2007-2008,Greater Geelong,Barwon South West ,35493,27888.4004,25794.0996,26277,26277,89658.4004,52071.0996,212032
2007-2008,Greater Shepparton,Goulburn Valley ,12071,7079.1499,6385.7998,4569,4541,23719.1499,10926.7998,60733
2007-2008,Hepburn,Grampians Central West ,1815,1548,1281.6,0,0,3363,1281.6,14517
2007-2008,Hindmarsh,Grampians Central West ,958.5,367,325,0,0,1325.5,325,6117
2007-2008,Hobsons Bay,Metropolitan ,18647.1602,10189.1797,9873.6104,3332.3,3332.3,32168.6399,13205.9104,86138
2007-2008,Horsham,Grampians Central West ,5022.1001,1331.53,1157.13,0,0,6353.6301,1157.13,19301
2007-2008,Hume,Metropolitan ,32157,16006,13666,2989,2989,51152,16655,163454
2007-2008,Indigo,North East ,2626,1149.1,1119.1,270.7,270.7,4045.8,1389.8,15702
2007-2008,Kingston,Metropolitan ,27526,17296.5,16137.5996,10804.9,10778.5,55627.4,26916.0996,142658
2007-2008,Knox,Metropolitan ,26381,18056,17220,13654,13654,58091,30874,153864
2007-2008,Latrobe,Gippsland ,12940,7593.73,6439.8301,8993,8993,29526.73,15432.8301,72435
2007-2008,Loddon,Loddon Mallee ,1375,732,678,0,0,2107,678,8044
2007-2008,Macedon Ranges,Loddon Mallee ,6230.2402,4222.2002,3800,0,0,10452.4404,3800,41107
2007-2008,Manningham,Metropolitan ,20962.0195,15160.1299,12220.9404,12958.7803,12958.7803,49080.9297,25179.7207,117108
2007-2008,Mansfield,North East ,2500,919.08,813.72,0,0,3419.08,813.72,7762
2007-2008,Maribyrnong,Metropolitan ,16885.4395,7347.0098,6027.77,142.5,142.5,24374.9493,6170.27,68425
2007-2008,Maroondah,Metropolitan ,18184,12876.5098,12232.6904,10661.5,10661.5,41722.0098,22894.1904,103887
2007-2008,Melbourne,Metropolitan ,20146,7136,6514.1001,29.64,29.6,27311.64,6543.7001,89795
2007-2008,Melton,Metropolitan ,16429,8241.1006,8066.5498,2956,2956,27626.1006,11022.5498,92668
2007-2008,Mildura,Loddon Mallee ,9036.0801,3937.002,2740.842,0,0,12973.0821,2740.842,52445
2007-2008,Mitchell,Goulburn Valley ,5367.3501,3174.3,2876.03,0,0,8541.6501,2876.03,34024
2007-2008,Moira,Goulburn Valley ,4318,2961.7,2663.8,0,0,7279.7,2663.8,28540
2007-2008,Monash,Metropolitan ,27135,18738.5801,16883.4609,17124,17124,62997.5801,34007.4609,172687
2007-2008,Moonee Valley,Metropolitan ,28832,13092,11560,8778,8778,50702,20338,107993
2007-2008,Moorabool,Grampians Central West ,4477,2522.1201,2403.72,0,0,6999.1201,2403.72,27216
2007-2008,Moreland,Metropolitan ,27677,16724.9609,13496.21,6366,6366,50767.9609,19862.21,145106
2007-2008,Mornington Peninsula,Metropolitan ,25000,22526,20274,224,224,47750,20498,144021
2007-2008,Mount Alexander,Loddon Mallee ,3101.26,1404.17,1333.97,0,0,4505.43,1333.97,18139
2007-2008,Moyne,Barwon South West ,1500,802.72,750,1560,0,3862.72,750,16200
2007-2008,Murrindindi,Goulburn Valley ,2450,1303,1225,0,0,3753,1225,14224
2007-2008,Nillumbik,Metropolitan ,5671.2402,8813,8108,5774,4908,20258.2402,13016,62642
2007-2008,Northern Grampians,Grampians Central West ,4103.3101,1871.52,1160.34,0,0,5974.8301,1160.34,12191
2007-2008,Port Phillip,Metropolitan ,19886,12200,11468,0,0,32086,11468,93349
2007-2008,Pyrenees,Grampians Central West ,880,395.88,273.8,0,0,1275.88,273.8,6904
2007-2008,Queenscliffe,Barwon South West ,1160,477.6,441.78,67.2,67.2,1704.8,508.98,3150
2007-2008,South Gippsland,Gippsland ,3612.5,1840.35,1693.12,0,0,5452.85,1693.12,26997
2007-2008,Southern Grampians,Barwon South West ,2076,941,886,0,0,3017,886,17246
2007-2008,Stonnington,Metropolitan ,23474,13065,12617,2236,2236,38775,14853,96996
2007-2008,Strathbogie,Goulburn Valley ,1906,1007.3,907.94,0,0,2913.3,907.94,9700
2007-2008,Surf Coast,Barwon South West ,4622,3799.9099,3514,1992,1992,10413.9099,5506,23966
2007-2008,Swan Hill,Loddon Mallee ,3694,2522.05,2236,0,0,6216.05,2236,21444
2007-2008,Towong,North East ,1206,485.1,430.6,75,75,1766.1,505.6,6255
2007-2008,Wangaratta,North East ,6450,3241.7,2831.8999,0,0,9691.7,2831.8999,27670
2007-2008,Warrnambool,Barwon South West ,5776.8198,5052.8198,4502.0601,0,0,10829.6396,4502.0601,32219
2007-2008,Wellington,Gippsland ,6155,3543.4099,2793.8899,0,0,9698.4099,2793.8899,42122
2007-2008,West Wimmera,Grampians Central West ,980,306,290,0,0,1286,290,4506
2007-2008,Whitehorse,Metropolitan ,28057,19890.2207,18219.4395,5305,5305,53252.2207,23524.4395,153217
2007-2008,Whittlesea,Metropolitan ,29572.9805,14089.4805,12379.7998,2084.46,2084.46,45746.921,14464.2598,140510
2007-2008,Wodonga,North East ,7565,2870.2,2540,1686,1686,12121.2,4226,35648
2007-2008,Wyndham,Metropolitan ,25507,14266.5,13838.5,2522,2522,42295.5,16360.5,133101
2007-2008,Yarra,Metropolitan ,12441,9604.21,9148.9697,63,63,22108.21,9211.9697,75528
2007-2008,Yarra Ranges,Metropolitan ,25987,17169.25,13550.2402,1948,1948,45104.25,15498.2402,146576
2007-2008,Yarriambiack,Grampians Central West ,1992,604.73,591.93,0,0,2596.73,591.93,7596
2008-2009,Alpine,North East ,2240.7,1597.9,1182.4,0,0,3838.6,1182.4,12865
2008-2009,Ararat,Grampians Central West ,2264.7,965.87,843.71,0,0,3230.57,843.71,11762
2008-2009,Ballarat,Grampians Central West ,17723,9800,9113,0,0,27523,9113,92894
2008-2009,Banyule,Metropolitan ,19086,15923,14562,8438,8438,43447,23000,121546
2008-2009,Bass Coast,Gippsland ,6233,3998,3198,0,0,10231,3198,29999
2008-2009,Baw Baw,Gippsland ,6492.5,3830.3201,3435.78,2500,2500,12822.8201,5935.78,40506
2008-2009,Bayside,Metropolitan ,19360,12663,12284,7326,7326,39349,19610,93771
2008-2009,Benalla,North East ,3352.3401,1466.22,1334.39,0,0,4818.5601,1334.39,14236
2008-2009,Boroondara,Metropolitan ,35722.6016,24772.4004,24184.0996,13816.5996,13816.5996,74311.6016,38000.6992,166104
2008-2009,Brimbank,Metropolitan ,36868.3398,17950,15222,6122,6122,60940.3398,21344,178139
2008-2009,Buloke,Loddon Mallee ,1806.452,778.36,718.7,0,0,2584.812,718.7,6973
2008-2009,Campaspe,Goulburn Valley ,8091,4119,3701,997,997,13207,4698,38370
2008-2009,Cardinia,Metropolitan ,13869.8604,6152.6699,5377.73,3068,3068,23090.5303,8445.73,70185
2008-2009,Casey,Metropolitan ,45873,28296,26052,22589,19329,96758,45381,250688
2008-2009,Central Goldfields,Grampians Central West ,2185,1021,969.9,100,100,3306,1069.9,12796
2008-2009,Colac-Otway,Barwon South West ,4279,2300,2178.8,938,938,7517,3116.8,21373
2008-2009,Corangamite,Barwon South West ,2098,1086.9,979.3,1400,1400,4584.9,2379.3,17358
2008-2009,Darebin,Metropolitan ,27205,16074.5596,13266.3301,6964.2998,4879,50243.8594,18145.3301,137180
2008-2009,East Gippsland,Gippsland ,6200.0498,5201,3879,3078.55,3000,14479.5998,6879,43312
2008-2009,Frankston,Metropolitan ,21516.5605,17178.1191,15503.7305,8719.9902,8719.9902,47414.6698,24223.7207,126916
2008-2009,Gannawarra,Loddon Mallee ,2320,1294,1177.54,0,0,3614,1177.54,11607
2008-2009,Glen Eira,Metropolitan ,34778,14206,13531,3954,3954,52938,17485,132449
2008-2009,Glenelg,Barwon South West ,2774.52,2132.9299,1473.34,0,0,4907.4499,1473.34,20860
2008-2009,Golden Plains,Grampians Central West ,4668,945.02,859,0,0,5613.02,859,18232
2008-2009,Greater Bendigo,Loddon Mallee ,25158,10002,9370,0,0,35160,9370,102428
2008-2009,Greater Dandenong,Metropolitan ,26981.4004,12597.9902,10529.1201,13097.5,11949.9004,52676.8906,22479.0205,134056
2008-2009,Greater Geelong,Barwon South West ,39500,27199,24479,23314,23314,90013,47793,215263
2008-2009,Greater Shepparton,Goulburn Valley ,12261,6837,6688.54,4668,4596,23766,11284.54,61548
2008-2009,Hepburn,Grampians Central West ,1823,1479.1,1319.1,0,0,3302.1,1319.1,14668
2008-2009,Hindmarsh,Grampians Central West ,1380,882.8,836.4,0,0,2262.8,836.4,6061
2008-2009,Hobsons Bay,Metropolitan ,17039.9805,10577.1504,10249.5703,4481,4481,32098.1309,14730.5703,86755
2008-2009,Horsham,Grampians Central West ,5005,1431.4,1152.74,0,0,6436.4,1152.74,19415
2008-2009,Hume,Metropolitan ,33400,15895.4004,13951.1904,3815,3815,53110.4004,17766.1904,169796
2008-2009,Indigo,North East ,2140,1226.2,1212,290,290,3656.2,1502,15879
2008-2009,Kingston,Metropolitan ,27552,16936,16089.2002,11526.5996,11526.5996,56014.5996,27615.7998,143754
2008-2009,Knox,Metropolitan ,25989,18045,17213,15240,15240,59274,32453,154582
2008-2009,Latrobe,Gippsland ,13590,8889,8000,8270,8270,30749,16270,72679
2008-2009,Loddon,Loddon Mallee ,1956,661.84,595.66,0,0,2617.84,595.66,8026
2008-2009,Macedon Ranges,Loddon Mallee ,6574,4222.5,3800.3,0,0,10796.5,3800.3,41703
2008-2009,Manningham,Metropolitan ,20826.1797,14071.6299,14071.6299,13606.5,13606.5,48504.3096,27678.1299,117770
2008-2009,Mansfield,North East ,2310.4099,1042.73,936.78,0,0,3353.1399,936.78,7927
2008-2009,Maribyrnong,Metropolitan ,16275,7625,6375,255.45,255.45,24155.45,6630.45,69020
2008-2009,Maroondah,Metropolitan ,18714,12858,12177,10594,10594,42166,22771,104766
2008-2009,Melbourne,Metropolitan ,22115,5367.4102,4830.6699,34.27,34.27,27516.6802,4864.9399,93573
2008-2009,Melton,Metropolitan ,17421.1602,9551.3203,8787.3203,2788.75,2788.75,29761.2305,11576.0703,99718
2008-2009,Mildura,Loddon Mallee ,9466.2402,5071.1699,3778.3899,0,0,14537.4101,3778.3899,52781
2008-2009,Mitchell,Goulburn Valley ,5387,3337,2997,0,0,8724,2997,35044
2008-2009,Moira,Goulburn Valley ,4421,3208.8799,2791.8401,0,0,7629.8799,2791.8401,28861
2008-2009,Monash,Metropolitan ,25974,18322,18018,17463,17463,61759,35481,173886
2008-2009,Moonee Valley,Metropolitan ,22354,12149,10837,6270,6270,40773,17107,108509
2008-2009,Moorabool,Grampians Central West ,4268,2649.5,2534.28,0,0,6917.5,2534.28,27620
2008-2009,Moreland,Metropolitan ,28317,16376,14902,6173,6173,50866,21075,146195
2008-2009,Mornington Peninsula,Metropolitan ,25800,22678,20410,267,267,48745,20677,145367
2008-2009,Mount Alexander,Loddon Mallee ,2682,1978.6899,1879.76,0,0,4660.6899,1879.76,18397
2008-2009,Moyne,Barwon South West ,1752.6899,799.67,787.52,1100,0,3652.3599,787.52,16307
2008-2009,Murrindindi,Goulburn Valley ,2133,1489,1430,0,0,3622,1430,14259
2008-2009,Nillumbik,Metropolitan ,7066.52,8102.8999,7454.6699,6113.6201,2998.0601,21283.04,10452.73,62979
2008-2009,Northern Grampians,Grampians Central West ,2877,1291.452,1076.21,0,0,4168.452,1076.21,12129
2008-2009,Port Phillip,Metropolitan ,19755.9609,12402,11335,0,0,32157.9609,11335,94747
2008-2009,Pyrenees,Grampians Central West ,970,435.28,396,0,0,1405.28,396,6975
2008-2009,Queenscliffe,Barwon South West ,1300,527.88,504.13,140,140,1967.88,644.13,3153
2008-2009,South Gippsland,Gippsland ,3720.98,1797,1714.34,0,0,5517.98,1714.34,27182
2008-2009,Southern Grampians,Barwon South West ,2040,1391,1336,0,0,3431,1336,17285
2008-2009,Stonnington,Metropolitan ,22684,12513,12086,3044,3044,38241,15130,97766
2008-2009,Strathbogie,Goulburn Valley ,1600.28,911,848,0,0,2511.28,848,9750
2008-2009,Surf Coast,Barwon South West ,4047,3919.78,3619.96,1841,1841,9807.78,5460.96,24567
2008-2009,Swan Hill,Loddon Mallee ,3957.6699,4590.8501,4057.04,0,0,8548.52,4057.04,21534
2008-2009,Towong,North East ,1428,814.5,705.8,22.5,22.5,2265,728.3,6263
2008-2009,Wangaratta,North East ,7226.5,2822,2474,0,0,10048.5,2474,27861
2008-2009,Warrnambool,Barwon South West ,5521.0698,4117.2002,3540.7,0,0,9638.27,3540.7,32596
2008-2009,Wellington,Gippsland ,6374,3614.3201,2819.1699,0,0,9988.3201,2819.1699,42426
2008-2009,West Wimmera,Grampians Central West ,996.1,459,452.7,0,0,1455.1,452.7,4455
2008-2009,Whitehorse,Metropolitan ,29531,19106,18342,7315,7315,55952,25657,154061
2008-2009,Whittlesea,Metropolitan ,29931.1504,14495.96,12918.5195,6265.3399,6265.3399,50692.4503,19183.8594,147843
2008-2009,Wodonga,North East ,7122,3303.8999,2981.7,1258,1258,11683.8999,4239.7,36240
2008-2009,Wyndham,Metropolitan ,27872,15212,14056,2604,2604,45688,16660,143056
2008-2009,Yarra,Metropolitan ,12515,9314,8518,188,188,22017,8706,76223
2008-2009,Yarra Ranges,Metropolitan ,26668,17144.4004,14782.5,4537,4537,48349.4004,19319.5,146992
2008-2009,Yarriambiack,Grampians Central West ,1883.52,643.7,632.2,0,0,2527.22,632.2,7753
2009-2010,Alpine,North East ,2304,1627,1181.2,0,0,3931,1181.2,10311
2009-2010,Ararat,Grampians Central West ,1963,905,814,0,0,2868,814,9288
2009-2010,Ballarat,Grampians Central West ,19119,9742.5996,8814.5996,0,0,28861.5996,8814.5996,72268
2009-2010,Banyule,Metropolitan ,19900,15220,13919,9681,9681,44801,23600,96494
2009-2010,Bass Coast,Gippsland ,6675,4335,3485,0,0,11010,3485,24698
2009-2010,Baw Baw,Gippsland ,6684.4468,4091.78,3754.75,2952.28,2952.28,13728.5068,6707.03,31015
2009-2010,Bayside,Metropolitan ,19300,13408,13408,8021,8021,40729,21429,72255
2009-2010,Benalla,North East ,3558.29,1548.66,1378,0,0,5106.95,1378,11194
2009-2010,Boroondara,Metropolitan ,35899,23382.4004,23382.4004,15646.2,15646.2,74927.6004,39028.6004,131281
2009-2010,Brimbank,Metropolitan ,38896,17492,15043,6512,6512,62900,21555,137542
2009-2010,Buloke,Loddon Mallee ,1507.86,634.38,602.86,0,0,2142.24,602.86,5281
2009-2010,Campaspe,Goulburn Valley ,8617,4308,3828,997,997,13922,4825,29339
2009-2010,Cardinia,Metropolitan ,14835.2598,5764.3799,4521.2402,3886,3886,24485.6397,8407.2402,53917
2009-2010,Casey,Metropolitan ,46000,26298,22749,28207.4102,28207,100505.4102,50956,190745
2009-2010,Central Goldfields,Grampians Central West ,2365,1395.6,1325.8,100,100,3860.6,1425.8,10149
2009-2010,Colac-Otway,Barwon South West ,5224,2623.98,2454.6101,1200,858,9047.98,3312.6101,16566
2009-2010,Corangamite,Barwon South West ,2174,1191,1084.08,1573,1573,4938,2657.08,13168
2009-2010,Darebin,Metropolitan ,25990,16172,13633.2998,8888,8888,51050,22521.2998,112340
2009-2010,East Gippsland,Gippsland ,6642.3501,5815.52,4387.6201,3455.6499,3455.6499,15913.52,7843.27,34633
2009-2010,Frankston,Metropolitan ,22560.2207,16392.4805,14795.8604,9715.1396,9715.1396,48667.8408,24511,98724
2009-2010,Gannawarra,Loddon Mallee ,2397,1340,1340,0,0,3737,1340,9025
2009-2010,Glen Eira,Metropolitan ,34191.7383,13916.1504,13498.6699,4119.6,4119.6,52227.4887,17618.2699,105228
2009-2010,Glenelg,Barwon South West ,2947,2057.25,1353.8,0,0,5004.25,1353.8,16196
2009-2010,Golden Plains,Grampians Central West ,4838,1126,1015,0,0,5964,1015,13510
2009-2010,Greater Bendigo,Loddon Mallee ,26122,10528,9629,0,0,36650,9629,79118
2009-2010,Greater Dandenong,Metropolitan ,27467,12611,12483,15394,14161,55472,26644,104882
2009-2010,Greater Geelong,Barwon South West ,39500,28156,25903,30962,30962,98618,56865,168250
2009-2010,Greater Shepparton,Goulburn Valley ,12572,6751.6099,6751.6099,5484,5270,24807.6099,12021.6099,46553
2009-2010,Hepburn,Grampians Central West ,2040,1636,1451,0,0,3676,1451,11729
2009-2010,Hindmarsh,Grampians Central West ,1452,704.232,687.21,0,0,2156.232,687.21,4675
2009-2010,Hobsons Bay,Metropolitan ,17530.2793,10591.4502,10263.4502,4701.3999,4701.3999,32823.1294,14964.8501,68203
2009-2010,Horsham,Grampians Central West ,5346,1495,1163,0,0,6841,1163,14932
2009-2010,Hume,Metropolitan ,35200,15964.5996,13863.5,4535,4535,55699.5996,18398.5,127941
2009-2010,Indigo,North East ,2926,1038.5,1038.5,416,416,4380.5,1454.5,12203
2009-2010,Kingston,Metropolitan ,26487,17103.4004,16248.2002,13653.4004,13653.4004,57243.8008,29901.6006,114841
2009-2010,Knox,Metropolitan ,26454,17367,16420,17824.0003,17824.0003,61645.0003,34244.0003,119697
2009-2010,Latrobe,Gippsland ,13474,8754,7594,9866,9866,32094,17460,55596
2009-2010,Loddon,Loddon Mallee ,1208,679,679,0,0,1887,679,6295
2009-2010,Macedon Ranges,Loddon Mallee ,6934,4460.5,4014.3999,0,0,11394.5,4014.3999,31226
2009-2010,Manningham,Metropolitan ,21576,13015.3604,13015.3604,14485.4297,14485.4297,49076.7901,27500.7901,94372
2009-2010,Mansfield,North East ,2406.72,1023.07,901.44,0,0,3429.79,901.44,6291
2009-2010,Maribyrnong,Metropolitan ,22000,8185,6467,1200,1100,31385,7567,56966
2009-2010,Maroondah,Metropolitan ,19371,13044,12352,12125,12125,44540,24477,81774
2009-2010,Melbourne,Metropolitan ,23146,6866.4302,6184,40.06,40.06,30052.4902,6224.06,89470
2009-2010,Melton,Metropolitan ,19059.6191,10191.1396,9243.3604,3859.6001,3556.78,33110.3588,12800.1404,76373
2009-2010,Mildura,Loddon Mallee ,9783,6528.3799,5436,0,0,16311.3799,5436,39627
2009-2010,Mitchell,Goulburn Valley ,5336,3221.5601,3005.9399,0,0,8557.5601,3005.9399,26030
2009-2010,Moira,Goulburn Valley ,7000,3441.3899,3441.3899,0,0,10441.3899,3441.3899,22551
2009-2010,Monash,Metropolitan ,26566,18509,18509,20334,20334,65409,38843,142565
2009-2010,Moonee Valley,Metropolitan ,22004,13792,12412,6849,6849,42645,19261,87672
2009-2010,Moorabool,Grampians Central West ,3022,2780.76,2669.53,0,0,5802.76,2669.53,20778
2009-2010,Moreland,Metropolitan ,28139,16447.6094,16447.6094,7571,7571,52157.6094,24018.6094,119398
2009-2010,Mornington Peninsula,Metropolitan ,27168,22958,22958,319,319,50445,23277,115043
2009-2010,Mount Alexander,Loddon Mallee ,3104.7,1584.25,1505.03,0,0,4688.95,1505.03,14734
2009-2010,Moyne,Barwon South West ,1529.25,886,806,1180,0,3595.25,806,12263
2009-2010,Murrindindi,Goulburn Valley ,2113,1403,1371,0,0,3516,1371,11200
2009-2010,Nillumbik,Metropolitan ,6362.2798,7757.3501,7136,6616.7598,0,20736.3897,7136,47182
2009-2010,Northern Grampians,Grampians Central West ,3004.75,914,822,0,0,3918.75,822,9462
2009-2010,Port Phillip,Metropolitan ,20104,12717,12373,0,0,32821,12373,85730
2009-2010,Pyrenees,Grampians Central West ,808,450,400,0,0,1258,400,5590
2009-2010,Queenscliffe,Barwon South West ,1300,550.64,550.64,70,70,1920.64,620.64,2640
2009-2010,South Gippsland,Gippsland ,3938.5,1819.5699,1674,0,0,5758.0699,1674,21206
2009-2010,Southern Grampians,Barwon South West ,2066,1544,1471,0,0,3610,1471,13292
2009-2010,Stonnington,Metropolitan ,21233,12506,12010,3441,3441,37180,15451,83346
2009-2010,Strathbogie,Goulburn Valley ,1840,1030.38,1030.38,0,0,2870.38,1030.38,7924
2009-2010,Surf Coast,Barwon South West ,5097.9399,4032,4032,2515.8,2515.8,11645.7399,6547.8,19129
2009-2010,Swan Hill,Loddon Mallee ,3714.99,1853,1713,0,0,5567.99,1713,16385
2009-2010,Towong,North East ,1260,784.5,618.3,30,30,2074.5,648.3,4914
2009-2010,Wangaratta,North East ,6527.5,3044,2739,0,0,9571.5,2739,21507
2009-2010,Warrnambool,Barwon South West ,6022,4099,3525,0,0,10121,3525,24990
2009-2010,Wellington,Gippsland ,6277.3301,4309.6699,3434.3799,0,0,10587,3434.3799,33026
2009-2010,West Wimmera,Grampians Central West ,960.2,485.96,482.31,0,0,1446.16,482.31,3416
2009-2010,Whitehorse,Metropolitan ,30799,19281,17507.9199,8388,8388,58468,25895.9199,122657
2009-2010,Whittlesea,Metropolitan ,32583.4004,15606.7998,14049.7998,8000,8000,56190.2002,22049.7998,116171
2009-2010,Wodonga,North East ,6752,3770.1001,3295.3999,1806,1806,12328.1001,5101.3999,27493
2009-2010,Wyndham,Metropolitan ,30381,15532.7998,14353,1806,1806,47719.7998,16159,111268
2009-2010,Yarra,Metropolitan ,13623,10271,9821,197.3,197.3,24091.3,10018.3,67766
2009-2010,Yarra Ranges,Metropolitan ,27297.5996,17620.9902,15593.7695,6301,6301,51219.5898,21894.7695,111390
2009-2010,Yarriambiack,Grampians Central West ,1940,656.5,645.6,0,0,2596.5,645.6,5890
2010-2011,Alpine,North East ,2452,1735,1222,0,0,4187,1222,10424
2010-2011,Ararat,Grampians Central West ,1843,942,848,0,0,2785,848,9355
2010-2011,Ballarat,Grampians Central West ,20207,11688,11207,0,0,31895,11207,73635
2010-2011,Banyule,Metropolitan ,20556,15097,13805,12684,12684,48337,26489,97057
2010-2011,Bass Coast,Gippsland ,7106,4815,3630,0,0,11921,3630,25440
2010-2011,Baw Baw,Gippsland ,7030,4244,3903.8589,4939,4939,16213,8842.8589,31671
2010-2011,Bayside,Metropolitan ,19800,14185,14185,9900,9900,43885,24085,72499
2010-2011,Benalla,North East ,3530.1001,1855.6,1670.04,0,0,5385.7001,1670.04,11330
2010-2011,Boroondara,Metropolitan ,36223,22810.8008,22810.8008,18707,18707,77740.8008,41517.8008,132144
2010-2011,Brimbank,Metropolitan ,40116,18104,15388,11904,11904,70124,27292,138779
2010-2011,Buloke,Loddon Mallee ,1508.9969,697,662.37,0,0,2205.9969,662.37,5251
2010-2011,Campaspe,Goulburn Valley ,9107,4371,3876,1196,1196,14674,5072,29703
2010-2011,Cardinia,Metropolitan ,14746,8006.8701,6629.6899,4062,4062,26814.8701,10691.6899,57139
2010-2011,Casey,Metropolitan ,50047,26327.7402,24484,35869.8203,35869.8203,112244.5605,60353.8203,198343
2010-2011,Central Goldfields,Grampians Central West ,2438,1471,1397.5,180,180,4089,1577.5,10214
2010-2011,Colac-Otway,Barwon South West ,4463,1842,1842,1909,1909,8214,3751,16740
2010-2011,Corangamite,Barwon South West ,2188,1277.3,1086.45,1697,1697,5162.3,2783.45,13288
2010-2011,Darebin,Metropolitan ,27147,16085,13323,11748,11748,54980,25071,113073
2010-2011,Delatite,North East ,,0,0,0,0,0,0,
2010-2011,East Gippsland,Gippsland ,6637.5898,5048.54,4334.6802,4234.48,4234.48,15920.6098,8569.1602,35269
2010-2011,Frankston,Metropolitan ,23453.6992,16566.4805,13496.5098,12618.0898,12618.0898,52638.2695,26114.5996,100395
2010-2011,Gannawarra,Loddon Mallee ,2206.46,1388.89,1388.89,0,0,3595.35,1388.89,9046
2010-2011,Glen Eira,Metropolitan ,30005,14663,14663,8054.78,8054.78,52722.78,22717.78,105515
2010-2011,Glenelg,Barwon South West ,3014.49,1962.53,1290.58,0,0,4977.02,1290.58,16368
2010-2011,Golden Plains,Grampians Central West ,4600,2014.8,1883,0,0,6614.8,1883,13818
2010-2011,Greater Bendigo,Loddon Mallee ,27576,11056,10091,0,0,38632,10091,80731
2010-2011,Greater Dandenong,Metropolitan ,29086,12590,11960,18067,16779,59743,28739,105634
2010-2011,Greater Geelong,Barwon South West ,40429,28340.4004,26356.5996,30000,30000,98769.4004,56356.5996,170876
2010-2011,Greater Shepparton,Goulburn Valley ,12929,7890.25,7890.25,6187,6114,27006.25,14004.25,47294
2010-2011,Hepburn,Grampians Central West ,2140,1300,1300,0,0,3440,1300,11903
2010-2011,Hindmarsh,Grampians Central West ,1148,656.733,584.385,0,0,1804.733,584.385,4641
2010-2011,Hobsons Bay,Metropolitan ,20461.0801,9739.3701,9437.75,7775,7407,37975.4502,16844.75,68805
2010-2011,Horsham,Grampians Central West ,6021.5898,1792.87,1604.125,0,0,7814.4598,1604.125,15055
2010-2011,Hume,Metropolitan ,37585,16704,14507.2998,6178,6178,60467,20685.2998,132156
2010-2011,Indigo,North East ,2889,1526,1471.6,377,377,4792,1848.6,12371
2010-2011,Kingston,Metropolitan ,29212,17180,16321,16760,12502,63152,28823,115721
2010-2011,Knox,Metropolitan ,27099,16817,15320,20926,20926,64842,36246,120851
2010-2011,Latrobe,Gippsland ,14226,8026.5,6504,11008,11008,33260.5,17512,56055
2010-2011,Loddon,Loddon Mallee ,666,610.86,610.86,0,0,1276.86,610.86,6313
2010-2011,Macedon Ranges,Loddon Mallee ,6934,4367.4502,4367.4502,0,0,11301.4502,4367.4502,31803
2010-2011,Manningham,Metropolitan ,22280.6895,13593.6201,13593.6201,17222.6504,17222.6504,53096.96,30816.2705,95022
2010-2011,Mansfield,North East ,2467.96,1287.55,1142.99,0,0,3755.51,1142.99,6433
2010-2011,Maribyrnong,Metropolitan ,18880,8155,6444,1375,1375,28410,7819,57497
2010-2011,Maroondah,Metropolitan ,19823.8008,12485,11361,14938,14938,47246.8008,26299,82604
2010-2011,Melbourne,Metropolitan ,20990.5801,7302.5498,6573,53.23,53.23,28346.3599,6626.23,93425
2010-2011,Melton,Metropolitan ,20002,10987.46,10519.46,6426,6011,37415.46,16530.46,81118
2010-2011,Mildura,Loddon Mallee ,20002,4043,3179,0,0,14195,3179,39994
2010-2011,Mitchell,Goulburn Valley ,5768.2598,3637.54,3637.54,0,0,9405.7998,3637.54,26843
2010-2011,Moira,Goulburn Valley ,5088,3485,3485,0,0,8573,3485,22907
2010-2011,Monash,Metropolitan ,27960,18517,17777,20335,20335,66812,38112,143567
2010-2011,Moonee Valley,Metropolitan ,22326,13588,12230,9175,9175,45089,21405,88201
2010-2011,Moorabool,Grampians Central West ,4819,2957.25,2868.54,0,0,7776.25,2868.54,21176
2010-2011,Moreland,Metropolitan ,29240,16272.6904,15807.6904,9647,9647,55159.6904,25454.6904,120222
2010-2011,Mornington Peninsula,Metropolitan ,28023,23000,21390,1636,1636,52659,23026,116500
2010-2011,Mount Alexander,Loddon Mallee ,3350,1681,1596,0,0,5031,1596,15005
2010-2011,Moyne,Barwon South West ,1535,1130,1050,1550,0,4215,1050,12390
2010-2011,Murrindindi,Goulburn Valley ,2232,1395,1363,0,0,3627,1363,11264
2010-2011,Nillumbik,Metropolitan ,6684.1201,7639.48,6722.7402,8042.5801,0,22366.1802,6722.7402,47714
2010-2011,Northern Grampians,Grampians Central West ,3104,1156,975,0,0,4260,975,9469
2010-2011,Port Phillip,Metropolitan ,21518,12348.5703,10990.5703,0,0,33866.5703,10990.5703,87040
2010-2011,Pyrenees,Grampians Central West ,1064,528.8,475,90,90,1682.8,565,5664
2010-2011,Queenscliffe,Barwon South West ,1227,574.04,574.04,160,160,1961.04,734.04,2655
2010-2011,South Gippsland,Gippsland ,4030.6001,1954.6,1794.8,0,0,5985.2001,1794.8,21446
2010-2011,Southern Grampians,Barwon South West ,2210,1543,1312,0,0,3753,1312,13359
2010-2011,Stonnington,Metropolitan ,22279,12646,12277,4610,4610,39535,16887,84020
2010-2011,Strathbogie,Goulburn Valley ,1789,893.31,893.31,0,0,2682.31,893.31,7993
2010-2011,Surf Coast,Barwon South West ,5624,4118.98,4118.98,3001,3001,12743.98,7119.98,19636
2010-2011,Swan Hill,Loddon Mallee ,3853,1843.77,1700,0,0,5696.77,1700,16522
2010-2011,Towong,North East ,1399,638.3,586.9,20,20,2057.3,606.9,4935
2010-2011,Wangaratta,North East ,7640,3629,3292,0,0,11269,3292,21693
2010-2011,Warrnambool,Barwon South West ,6022,4063.02,3526,0,0,10085.02,3526,25358
2010-2011,Wellington,Gippsland ,6554,4274.1499,4012.1699,0,0,10828.1499,4012.1699,33421
2010-2011,West Wimmera,Grampians Central West ,921.54,421.66,420.36,0,0,1343.2,420.36,3389
2010-2011,Whitehorse,Metropolitan ,31260,19524.8906,17884.8008,9904,9904,60688.8906,27788.8008,123147
2010-2011,Whittlesea,Metropolitan ,33786.5391,16362.2305,14210.5,10746.5699,10746.5699,60895.3395,24957.0699,121472
2010-2011,Wodonga,North East ,7526,3561,2885.2,1964,1964,13051,4849.2,28012
2010-2011,Wyndham,Metropolitan ,32669,16535.5996,14765.5996,5675,5675,54879.5996,20440.5996,117796
2010-2011,Yarra,Metropolitan ,14359,10107,9617,305,305,24771,9922,68514
2010-2011,Yarra Ranges,Metropolitan ,27976,17872,15685,6533,6533,52381,22218,112159
2010-2011,Yarriambiack,Grampians Central West ,1897,673.5,665,0,0,2570.5,665,5869
2011-2012,Alpine,North East ,2407,2045,1491,0,0,4452,1491,10279
2011-2012,Ararat,Grampians Central West ,1963.28,979.46,734.59,0,0,2942.74,734.59,9638
2011-2012,Ballarat,Grampians Central West ,20543,10137,8515,865,865,31545,9380,76437
2011-2012,Banyule,Metropolitan ,20800,14581,13453,12716,12716,48097,26169,99563
2011-2012,Bass Coast,Gippsland ,7527,5030,3550,0,0,12557,3550,26413
2011-2012,Baw Baw,Gippsland ,7601,4244,3983,3311,2980,15156,6963,34263
2011-2012,Bayside,Metropolitan ,19900,12516.8604,12516.8604,9900,9900,42316.8604,22416.8604,76362
2011-2012,Benalla,North East ,2918,1850,1650,0,0,4768,1650,11212
2011-2012,Boroondara,Metropolitan ,36310,21920.0996,21920.0996,20636,20636,78866.0996,42556.0996,135936
2011-2012,Brimbank,Metropolitan ,40659,17602,15314,11910,11910,70171,27224,150047
2011-2012,Buloke,Loddon Mallee ,1528,797,797,0,0,2325,797,5311
2011-2012,Campaspe,Goulburn Valley ,9252,4199.96,4199.96,1328,1328,14779.96,5527.96,29833
2011-2012,Cardinia,Metropolitan ,15191,7903,7903,4682.6201,4682.6201,27776.6201,12585.6201,59144
2011-2012,Casey,Metropolitan ,47310.3086,28082.5898,26000,32645.6406,32645.6406,108038.539,58645.6406,195759
2011-2012,Central Goldfields,Grampians Central West ,2513,1429.5,1358,194.97,194.97,4137.47,1552.97,10211
2011-2012,Colac-Otway,Barwon South West ,3320,1725.01,1725.01,2170,2049,7215.01,3774.01,17304
2011-2012,Corangamite,Barwon South West ,1922,1496.91,1272.8101,1490,1490,4908.91,2762.8101,13268
2011-2012,Darebin,Metropolitan ,27150,15869,15869,11708,11708,54727,27577,117251
2011-2012,East Gippsland,Gippsland ,6929.8101,4897.3799,4010.5601,4490.1802,4490.1802,16317.3702,8500.7403,35733
2011-2012,Frankston,Metropolitan ,23952,16675.9609,15256.71,12791,12791,53418.9609,28047.71,102574
2011-2012,Gannawarra,Loddon Mallee ,3159,1327.79,1227.79,0,0,4486.79,1227.79,8856
2011-2012,Glen Eira,Metropolitan ,32164,14454,14454,8296,8296,54914,22750,111068
2011-2012,Glenelg,Barwon South West ,2592.02,1508.6,1174.87,0,0,4100.62,1174.87,16601
2011-2012,Golden Plains,Grampians Central West ,4725,1885.5699,1762.36,0,0,6610.5699,1762.36,14108
2011-2012,Greater Bendigo,Loddon Mallee ,27194,10768,9838,0,0,37962,9838,81872
2011-2012,Greater Dandenong,Metropolitan ,29784,12365,11747,17323,16020,59472,27767,109714
2011-2012,Greater Geelong,Barwon South West ,40229,28614.8398,26611.8398,31893,31893,100736.8398,58504.8398,176048
2011-2012,Greater Shepparton,Goulburn Valley ,13136.96,7463.1899,7463.1899,5707.5601,5546.7598,26307.71,13009.9497,48271
2011-2012,Hepburn,Grampians Central West ,5160,680,536,0,0,5840,536,11982
2011-2012,Hindmarsh,Grampians Central West ,1455,328.87,321.68,0,0,1783.87,321.68,4755
2011-2012,Hobsons Bay,Metropolitan ,18204.4609,10299.7598,10299.7598,8296.5098,8070.6499,36800.7305,18370.4097,69506
2011-2012,Horsham,Grampians Central West ,6132,1390.83,1256.77,0,0,7522.83,1256.77,15710
2011-2012,Hume,Metropolitan ,38476,16641.1504,13354.5195,6558,6558,61675.1504,19912.5195,130851
2011-2012,Indigo,North East ,3022,1541.8,1541.8,393,393,4956.8,1934.8,12409
2011-2012,Kingston,Metropolitan ,29489,16304,15425,15553,14942,61346,30367,120064
2011-2012,Knox,Metropolitan ,27909,16984,15811,20072,20072,64965,35883,122579
2011-2012,Latrobe,Gippsland ,14337.2695,8192,7585.2002,9756.0703,9756.0703,32285.3398,17341.2705,59105
2011-2012,Loddon,Loddon Mallee ,567,827.55,800,0,0,1394.55,800,6232
2011-2012,Macedon Ranges,Loddon Mallee ,7800,4277.9502,3935,3500,3500,15577.9502,7435,32623
2011-2012,Manningham,Metropolitan ,22068,13507.79,13507.79,16808,16808,52383.79,30315.79,96456
2011-2012,Mansfield,North East ,2574.6001,1167.5601,1067.5601,0,0,3742.1602,1067.5601,6217
2011-2012,Maribyrnong,Metropolitan ,20500,6373.04,6373.04,500,490,27373.04,6863.04,61540
2011-2012,Maroondah,Metropolitan ,19344,12274,11529,14549,14549,46167,26078,84958
2011-2012,Melbourne,Metropolitan ,20885.1602,7106,6426,52.02,52.02,28043.1802,6478.02,95297
2011-2012,Melton,Metropolitan ,21675.5,11081.8701,10195.3301,6062.3398,5882.7598,38819.7099,16078.0899,85361
2011-2012,Mildura,Loddon Mallee ,10208.5,5434,5434,0,0,15642.5,5434,41291
2011-2012,Mitchell,Goulburn Valley ,6649,3834.71,3834.71,0,0,10483.71,3834.71,27430
2011-2012,Moira,Goulburn Valley ,6000,3818,3818,0,0,9818,3818,23203
2011-2012,Monash,Metropolitan ,31484,17838,17318,21643,21643,70965,38961,147732
2011-2012,Moonee Valley,Metropolitan ,22038,16079,13180,8791,8791,46908,21971,92532
2011-2012,Moorabool,Grampians Central West ,4666,2874,2644,0,0,7540,2644,22419
2011-2012,Moreland,Metropolitan ,30000,16507,14178,9766,9766,56273,23944,125042
2011-2012,Mornington Peninsula,Metropolitan ,29432,22933.6406,22933.6406,4121,4121,56486.6406,27054.6406,119627
2011-2012,Mount Alexander,Loddon Mallee ,3477,1540.33,1463.42,0,0,5017.33,1463.42,14711
2011-2012,Moyne,Barwon South West ,1735,1171,1056,1475,0,4381,1056,12798
2011-2012,Murrindindi,Goulburn Valley ,2330,1491,1462,0,0,3821,1462,11107
2011-2012,Nillumbik,Metropolitan ,7000,7615.0098,6701.21,7373,0,21988.0098,6701.21,48544
2011-2012,Northern Grampians,Grampians Central West ,3044,1200,1056,0,0,4244,1056,9617
2011-2012,Port Phillip,Metropolitan ,21518.4395,13105.2803,11755.4297,0,0,34623.7198,11755.4297,88368
2011-2012,Pyrenees,Grampians Central West ,1705,500,450,90,90,2295,540,5561
2011-2012,Queenscliffe,Barwon South West ,1338,521.67,521.67,76,76,1935.67,597.67,2783
2011-2012,South Gippsland,Gippsland ,3822,1969,1811.48,0,0,5791,1811.48,22210
2011-2012,Southern Grampians,Barwon South West ,2138,1642,1343,0,0,3780,1343,13519
2011-2012,Stonnington,Metropolitan ,21829,11633,11284,4132,4132,37594,15416,87088
2011-2012,Strathbogie,Goulburn Valley ,1774.5,823.46,823.46,0,0,2597.96,823.46,8210
2011-2012,Surf Coast,Barwon South West ,5492,4443.3101,4443.3101,2650,2650,12585.3101,7093.3101,21035
2011-2012,Swan Hill,Loddon Mallee ,3896.28,1935.73,1292.29,76.16,76.16,5908.17,1368.45,16956
2011-2012,Towong,North East ,1356,638.3,586.9,0,0,1994.3,586.9,4939
2011-2012,Wangaratta,North East ,7230.04,3476,3258,0,0,10706.04,3258,22485
2011-2012,Warrnambool,Barwon South West ,6739,4598,3908,0,0,11337,3908,26433
2011-2012,Wellington,Gippsland ,6711,3792.8301,3792.8301,0,0,10503.8301,3792.8301,34080
2011-2012,West Wimmera,Grampians Central West ,952.14,309.2,309.2,0,0,1261.34,309.2,3526
2011-2012,Whitehorse,Metropolitan ,30606,19611,17965,13035,13035,63252,31000,126570
2011-2012,Whittlesea,Metropolitan ,33935,16871,14728.3799,11225,11225,62031,25953.3799,128233
2011-2012,Wodonga,North East ,7464.7002,3712.2,3066.3,2276,2276,13452.9002,5342.3,28333
2011-2012,Wyndham,Metropolitan ,37202,16763.3008,16542.5,5215.5,5215.5,59180.8008,21758,129069
2011-2012,Yarra,Metropolitan ,14507,9492,8732,303,303,24302,9035,71402
2011-2012,Yarra Ranges,Metropolitan ,28824,18467.7109,16928.2695,8708,8708,55999.7109,25636.2695,115131
2011-2012,Yarriambiack,Grampians Central West ,1926,670,660,0,0,2596,660,5966
2012-2013,Alpine,North East ,2514,1588,1523,0,0,4102,1523,10327
2012-2013,Ararat,Grampians Central West ,1990,1043,991,0,0,3033,991,9760
2012-2013,Ballarat,Grampians Central West ,21232,10025,8429,798,798,32055,9227,77684
2012-2013,Banyule,Metropolitan ,20520,13851,12919,10657,10657,45028,23576,100115
2012-2013,Bass Coast,Gippsland ,7559,4254.8999,2759,0,0,11813.8999,2759,27043
2012-2013,Baw Baw,Gippsland ,7928.2002,4358,3928,3825.4199,3787.1658,16111.6201,7715.1658,35112
2012-2013,Bayside,Metropolitan ,19722,12488,12488,9535,9535,41745,22023,77024
2012-2013,Benalla,North East ,3268.3401,1980,1794.38,0,0,5248.3401,1794.38,11349
2012-2013,Boroondara,Metropolitan ,36930,20897,20987,19187.92,19187.92,77014.92,40174.92,137121
2012-2013,Brimbank,Metropolitan ,39944,16346,13485,9921,9921,66211,23406,152425
2012-2013,Buloke,Loddon Mallee ,1516,925,925,0,0,2441,925,5321
2012-2013,Campaspe,Goulburn Valley ,8914,4145,4145,1400,1400,14459,5545,30135
2012-2013,Cardinia,Metropolitan ,15435.4805,8433.6104,8433.6104,4870,4870,28739.0909,13303.6104,62386
2012-2013,Casey,Metropolitan ,48722.6602,26907.3691,26406.9004,29647.0508,29647.0508,105277.0801,56053.9512,201532
2012-2013,Central Goldfields,Grampians Central West ,2502,1414.4,1343.7,167.28,167.28,4083.68,1510.98,10311
2012-2013,Colac-Otway,Barwon South West ,3346,1793.3,1605,2580,2324,7719.3,3929,17522
2012-2013,Corangamite,Barwon South West ,1876,1407,1223.8,1474,1474,4757,2697.8,13394
2012-2013,Darebin,Metropolitan ,26611,15259.1299,15259.1299,10475,10475,52345.1299,25734.1299,118565
2012-2013,East Gippsland,Gippsland ,4112,5500,4507,5000,5000,14612,9507,36281
2012-2013,Frankston,Metropolitan ,24395,16008,15311.6504,12381,12317.5,52784,27629.1504,103815
2012-2013,Gannawarra,Loddon Mallee ,2348,1364.76,1250,0,0,3712.76,1250,8920
2012-2013,Glen Eira,Metropolitan ,26968,13772,13772,8300.34,8300.34,49040.34,22072.34,111597
2012-2013,Glenelg,Barwon South West ,2804.0601,1652.6801,1085.33,0,0,4456.7402,1085.33,16754
2012-2013,Golden Plains,Grampians Central West ,4945,1853,1737,0,0,6798,1737,14395
2012-2013,Greater Bendigo,Loddon Mallee ,27150,10571,9740,0,0,37721,9740,83100
2012-2013,Greater Dandenong,Metropolitan ,30501,11784,11784,15100,13687,57385,25471,110794
2012-2013,Greater Geelong,Barwon South West ,42529,27785.1895,27785.1895,29021,29021,99335.1895,56806.1895,178780
2012-2013,Greater Shepparton,Goulburn Valley ,13346,6582.2202,6582.2202,5417,5253,25345.2202,11835.2202,48988
2012-2013,Hepburn,Grampians Central West ,2880,1000,900,0,0,3880,900,12180
2012-2013,Hindmarsh,Grampians Central West ,1387.8199,596.36,527.72,0,0,1984.1799,527.72,4754
2012-2013,Hobsons Bay,Metropolitan ,17970.3203,9923.8203,9923.8203,7550.6099,7167.5898,35444.7505,17091.4101,70006
2012-2013,Horsham,Grampians Central West ,5641,1352.65,1099.71,0,0,6993.65,1099.71,15828
2012-2013,Hume,Metropolitan ,39093,16667,14733.5996,5903,5903,61663,20636.5996,134572
2012-2013,Indigo,North East ,2894,1551.2,1551.2,429,429,4874.2,1980.2,12522
2012-2013,Kingston,Metropolitan ,28324,15207,14294,14348,13859,57879,28153,120984
2012-2013,Knox,Metropolitan ,28661,16433,15954,18135,18135,63229,34089,123747
2012-2013,Latrobe,Gippsland ,14440,8572,7632,8500,8500,31512,16132,59755
2012-2013,Loddon,Loddon Mallee ,2090,613.54,613.54,0,0,2703.54,613.54,6243
2012-2013,Macedon Ranges,Loddon Mallee ,8000,4646,4275,3200,3200,15846,7475,33331
2012-2013,Manningham,Metropolitan ,21729,12968.7803,12968.7803,15769.1504,15769.1504,50466.9307,28737.9307,97271
2012-2013,Mansfield,North East ,2425.0701,1139.77,1025.77,0,0,3564.8401,1025.77,6320
2012-2013,Maribyrnong,Metropolitan ,19498.7598,7429.5,7429.5,1815,1700,28743.2598,9129.5,62761
2012-2013,Maroondah,Metropolitan ,19297,11789,10633,13306,13306,44392,23939,85899
2012-2013,Melbourne,Metropolitan ,21362.3906,6830,5552.79,52.42,52.42,28244.8106,5605.21,99376
2012-2013,Melton,Metropolitan ,22203,11059,10285,5628,5499,38890,15784,89195
2012-2013,Mildura,Loddon Mallee ,10210.9805,5575,5575,0,0,15785.9805,5575,41909
2012-2013,Mitchell,Goulburn Valley ,6672,3806.3999,3806.3999,0,0,10478.3999,3806.3999,28736
2012-2013,Moira,Goulburn Valley ,5016,2982,2982,0,0,7998,2982,23560
2012-2013,Monash,Metropolitan ,30597,16532.6797,16532.6797,19377,19377,66506.6797,35909.6797,148733
2012-2013,Moonee Valley,Metropolitan ,21800,14030,12340,7836,7836,43666,20176,93311
2012-2013,Moorabool,Grampians Central West ,5169,3031.0801,2800,0,0,8200.0801,2800,23016
2012-2013,Moreland,Metropolitan ,31587.4805,16420,13922,8876,8276,56883.4805,22198,126349
2012-2013,Mornington Peninsula,Metropolitan ,29688.5,23002,23002,5434.25,5434.25,58124.75,28436.25,121103
2012-2013,Mount Alexander,Loddon Mallee ,2957,1526,1373,0,0,4483,1373,14897
2012-2013,Moyne,Barwon South West ,1707.6,1305.25,1157.65,1412.5,1412.5,4425.35,2570.15,12951
2012-2013,Murrindindi,Goulburn Valley ,2188,1551.46,1551.46,0,0,3739.46,1551.46,11464
2012-2013,Nillumbik,Metropolitan ,6107,7406,7406,7699,0,21212,7406,49153
2012-2013,Northern Grampians,Grampians Central West ,3041,1176,1116,0,0,4217,1116,9682
2012-2013,Port Phillip,Metropolitan ,20834,12074.4463,10420.2402,0,0,32908.4463,10420.2402,89256
2012-2013,Pyrenees,Grampians Central West ,1830,480.25,444.68,90,90,2400.25,534.68,5622
2012-2013,Queenscliffe,Barwon South West ,1322,499.42,499.42,81,81,1902.42,580.42,2803
2012-2013,South Gippsland,Gippsland ,4002,2051.5,1887.4,0,0,6053.5,1887.4,22373
2012-2013,Southern Grampians,Barwon South West ,2138,1347,1347,0,0,3485,1347,13619
2012-2013,Stonnington,Metropolitan ,19697,10358,10265,3951,3951,34006,14216,88120
2012-2013,Strathbogie,Goulburn Valley ,1742,872.85,872.85,0,0,2614.85,872.85,8266
2012-2013,Surf Coast,Barwon South West ,5778.6401,4492.3999,4492.3999,2731.1001,2731.1001,13002.1401,7223.5,21523
2012-2013,Swan Hill,Loddon Mallee ,3761.1399,1778.41,1349.46,162.9,162.9,5702.4499,1512.36,17131
2012-2013,Towong,North East ,1450,650,650,0,0,2100,650,4978
2012-2013,Wangaratta,North East ,7217.7002,3301.6699,3161.8501,0,0,10519.3701,3161.8501,22601
2012-2013,Warrnambool,Barwon South West ,6052,3884,3884,0,0,9936,3884,26912
2012-2013,Wellington,Gippsland ,6441,4609.7202,4148.77,0,0,11050.7202,4148.77,34309
2012-2013,West Wimmera,Grampians Central West ,989.59,160.46,160.46,0,0,1150.05,160.46,3535
2012-2013,Whitehorse,Metropolitan ,29904,18138.9492,16615.3301,10183,10183,58225.9492,26798.3301,127210
2012-2013,Whittlesea,Metropolitan ,34332.4492,16876.8398,14463.4502,10028.6398,10028.6398,61237.9288,24492.09,133659
2012-2013,Wodonga,North East ,7480.7998,3583.1001,3249,2567,2567,13630.8999,5816,28790
2012-2013,Wyndham,Metropolitan ,37470,16956.9004,16956.9004,5605.4,5605.4,60032.3004,22562.3004,136625
2012-2013,Yarra,Metropolitan ,14458,9023,8326.1504,304,304,23785,8630.1504,72555
2012-2013,Yarra Ranges,Metropolitan ,28953,17227,15527,8219,8219,54399,23746,116239
2012-2013,Yarriambiack,Grampians Central West ,2030,642,600,0,0,2672,600,5974
2013-2014,Alpine,North East ,2777,1573,1510,0,0,4350,1510,10374
2013-2014,Ararat,Grampians Central West ,1797,1812,1812,0,0,3609,1812,9883
2013-2014,Ballarat,Grampians Central West ,22641,10202,8570,832,832,33675,9402,78945
2013-2014,Banyule,Metropolitan ,20181,13407,12443,10565,10565,44153,23008,100652
2013-2014,Bass Coast,Gippsland ,7924.2998,4775.46,3326.3601,0,0,12699.7598,3326.3601,27674
2013-2014,Baw Baw,Gippsland ,7994,4413.8101,3975.6201,4498,4453,16905.8101,8428.6201,35956
2013-2014,Bayside,Metropolitan ,20211.4102,11604.0195,11604.0195,10178,10178,41993.4297,21782.0195,77654
2013-2014,Benalla,North East ,3500,2100,2080,0,0,5600,2080,11475
2013-2014,Boroondara,Metropolitan ,36937,20902.2598,20379.6992,20308.64,20308.64,78147.8998,40688.3392,138257
2013-2014,Brimbank,Metropolitan ,41350,15673,7633,10822,10822,67845,18455,154697
2013-2014,Buloke,Loddon Mallee ,1536,805,805,0,0,2341,805,5330
2013-2014,Campaspe,Goulburn Valley ,9250,4400,4400,1300,1300,14950,5700,30423
2013-2014,Cardinia,Metropolitan ,16230.1201,8432.4805,8432.4805,5363.0098,5363.0098,30025.6104,13795.4903,65579
2013-2014,Casey,Metropolitan ,50768.5117,26722,26722,32134.1406,32134.1406,109624.6523,58856.1406,207085
2013-2014,Central Goldfields,Grampians Central West ,2490,1390.1,1320.5,278,278,4158.1,1598.5,10408
2013-2014,Colac-Otway,Barwon South West ,3756,1985,1826.2,2407,2285,8148,4111.2,17736
2013-2014,Corangamite,Barwon South West ,1951,1405.301,1405,1628,1628,4984.301,3033,13508
2013-2014,Darebin,Metropolitan ,24633,13891.0303,13891.0303,10823,10823,49347.0303,24714.0303,119872
2013-2014,East Gippsland,Gippsland ,6897,3480.3601,3178.27,4072,4072,14449.3601,7250.27,36821
2013-2014,Frankston,Metropolitan ,24519,15763,14421.4502,13499,13499,53781,27920.4502,104979
2013-2014,Gannawarra,Loddon Mallee ,2247,1371.5,1371.5,0,0,3618.5,1371.5,8975
2013-2014,Glen Eira,Metropolitan ,26223,13321.4404,13321.4404,9350.58,9350.58,48895.0204,22672.0204,112149
2013-2014,Glenelg,Barwon South West ,2922.4199,1430.46,1092.6899,0,0,4352.8799,1092.6899,16896
2013-2014,Golden Plains,Grampians Central West ,5341,1710,1710,0,0,7051,1710,14683
2013-2014,Greater Bendigo,Loddon Mallee ,27340,10429,9525,0,0,37769,9525,84364
2013-2014,Greater Dandenong,Metropolitan ,31174,11758,11758,14815,13439,57747,25197,111889
2013-2014,Greater Geelong,Barwon South West ,44093,27057.5996,27057.5996,32603,32603,103753.5996,59660.5996,181593
2013-2014,Greater Shepparton,Goulburn Valley ,12519.8398,8108,8108,8000,7840,28627.8398,15948,49686
2013-2014,Hepburn,Grampians Central West ,1685,1108.74,1108.74,0,0,2793.74,1108.74,12371
2013-2014,Hindmarsh,Grampians Central West ,1524,589.96,483.75,0,0,2113.96,483.75,4753
2013-2014,Hobsons Bay,Metropolitan ,18564.5391,10261.1904,9899.3799,8120.3301,8005.3799,36946.0596,17904.7598,70483
2013-2014,Horsham,Grampians Central West ,5631,1257.0699,999.89,0,0,6888.0699,999.89,15946
2013-2014,Hume,Metropolitan ,40766,16061,14419,6073,6073,62900,20492,138131
2013-2014,Indigo,North East ,3028,1514.9301,1514.9301,535,535,5077.9301,2049.9301,12627
2013-2014,Kingston,Metropolitan ,29864,15398,14498,14830,14818,60092,29316,121886
2013-2014,Knox,Metropolitan ,28728,17082,16580,19157,19157,64967,35737,124762
2013-2014,Latrobe,Gippsland ,14591.3799,8373,7400,9392,9382,32356.3799,16782,60386
2013-2014,Loddon,Loddon Mallee ,2100,824.22,824.22,0,0,2924.22,824.22,6251
2013-2014,Macedon Ranges,Loddon Mallee ,8807.1602,4924.7598,4924.7598,2700,2700,16431.92,7624.7598,34026
2013-2014,Manningham,Metropolitan ,21443.0605,12884.71,12884.71,15480.9402,15480.9402,49808.7107,28365.6502,98046
2013-2014,Mansfield,North East ,2446.1599,1150,1050,0,0,3596.1599,1050,6417
2013-2014,Maribyrnong,Metropolitan ,17253,8000,8000,1800,1800,27053,9800,63991
2013-2014,Maroondah,Metropolitan ,19790,10412,10412,13477,13477,43679,23889,86802
2013-2014,Melbourne,Metropolitan ,24556.2402,7473,6456.6699,49.06,49.06,32078.3002,6505.7299,103484
2013-2014,Melton,Metropolitan ,22785,11277,10431,5870,5733,39932,16164,93072
2013-2014,Mildura,Loddon Mallee ,10556.3896,3488,3488,0,0,14044.3896,3488,42511
2013-2014,Mitchell,Goulburn Valley ,7050,3790,3790,0,0,10840,3790,30041
2013-2014,Moira,Goulburn Valley ,5335.9102,2960.2,2960.2,0,0,8296.1102,2960.2,23905
2013-2014,Monash,Metropolitan ,31628,16675.6895,16675.6895,20437,20437,68740.6895,37112.6895,149703
2013-2014,Moonee Valley,Metropolitan ,23461,12077,10869,6849,6849,42387,17718,94053
2013-2014,Moorabool,Grampians Central West ,5496.3701,2990.8501,2770.8501,0,0,8487.2202,2770.8501,23605
2013-2014,Moreland,Metropolitan ,32571.4004,16550.9492,14135.6299,8915,8747,58037.3496,22882.6299,127639
2013-2014,Mornington Peninsula,Metropolitan ,30947.0996,22552.4805,22552.4805,6752.4,6752.4,60251.9801,29304.8805,122457
2013-2014,Mount Alexander,Loddon Mallee ,3058.3201,1722.98,1550.98,0,0,4781.3001,1550.98,15076
2013-2014,Moyne,Barwon South West ,1730,1330,0,1300,1300,4360,1300,13101
2013-2014,Murrindindi,Goulburn Valley ,2251,1524.84,1524.84,0,0,3775.84,1524.84,11813
2013-2014,Nillumbik,Metropolitan ,6243.5801,7694.2002,7694.2002,7135,1056,21072.7803,8750.2002,49671
2013-2014,Northern Grampians,Grampians Central West ,2349,1205,1205,0,0,3554,1205,9740
2013-2014,Port Phillip,Metropolitan ,21404,11522,10255,0,0,32926,10255,90112
2013-2014,Pyrenees,Grampians Central West ,969.36,380,330,90,90,1439.36,420,5682
2013-2014,Queenscliffe,Barwon South West ,1299,504,504,101.34,101.34,1904.34,605.34,2823
2013-2014,South Gippsland,Gippsland ,4000,1999.95,1840,0,0,5999.95,1840,22529
2013-2014,Southern Grampians,Barwon South West ,3500,1631,1631,320,320,5451,1951,13717
2013-2014,Stonnington,Metropolitan ,20974,10236,9921,3780,3780,34990,13701,89127
2013-2014,Strathbogie,Goulburn Valley ,1734,874.33,874.33,0,0,2608.33,874.33,8319
2013-2014,Surf Coast,Barwon South West ,5935.54,4269.79,4269.79,2989.3799,2989.3799,13194.7099,7259.1699,22013
2013-2014,Swan Hill,Loddon Mallee ,3914.45,1843.29,1359.61,207.66,207.66,5965.4,1567.27,17297
2013-2014,Towong,North East ,1722,652.18,600,0,0,2374.18,600,5014
2013-2014,Wangaratta,North East ,8249.0195,3420.49,3219.6899,0,0,11669.5095,3219.6899,22718
2013-2014,Warrnambool,Barwon South West ,5721,3540,2935,0,0,9261,2935,27388
2013-2014,Wellington,Gippsland ,6879,6207.98,5587.1802,0,0,13086.98,5587.1802,34525
2013-2014,West Wimmera,Grampians Central West ,953,180,162,0,0,1133,162,3543
2013-2014,Whitehorse,Metropolitan ,28763,18045,16529,12901,12901,59709,29430,127834
2013-2014,Whittlesea,Metropolitan ,34974,17565,14790,11338,11338,63877,26128,139000
2013-2014,Wodonga,North East ,7906,3779,3023,2759,2759,14444,5782,29248
2013-2014,Wyndham,Metropolitan ,40187,17440,17440,6665.7,6665.7,64292.7,24105.7,144119
2013-2014,Yarra,Metropolitan ,15338,9210.9004,8501.7002,363,363,24911.9004,8864.7002,73674
2013-2014,Yarra Ranges,Metropolitan ,29390,17089,15005,8827,8827,55306,23832,117211
2013-2014,Yarriambiack,Grampians Central West ,1726,583,558,0,0,2309,558,5980
2014-2015,Alpine,North East ,1748,1619.1,1516.25,0,0,3367.1,1516.25,9604
2014-2015,Ararat,Grampians Central West ,1779,662.6,662.6,0,0,2441.6,662.6,8879
2014-2015,Ballarat,Grampians Central West ,24529.6406,10549.4697,10285.7305,0,0,35079.1103,10285.7305,78204
2014-2015,Banyule,Metropolitan ,20148,12900.7803,11868.7402,9494,9494,42542.7803,21362.7402,100229
2014-2015,Bass Coast,Gippsland ,8015,4311.1899,3055.8301,0,0,12326.1899,3055.8301,25936
2014-2015,Baw Baw,Gippsland ,8240,4441.3501,4072.5601,4927,4877.73,17608.3501,8950.2901,36007
2014-2015,Bayside,Metropolitan ,20218.5605,11612.5498,11612.5498,9984.6199,9984.6199,41815.7302,21597.1697,78116
2014-2015,Benalla,North East ,3281.3899,1989.48,1989.48,0,0,5270.8699,1989.48,10758
2014-2015,Boroondara,Metropolitan ,37394,20033.8398,19533,18075.4,18075.4,75503.2398,37608.4,139647
2014-2015,Brimbank,Metropolitan ,41904,16088,12806,9578,9578,67570,22384,155474
2014-2015,Buloke,Loddon Mallee ,2139,845,845,0,0,2984,845,4768
2014-2015,Campaspe,Goulburn Valley ,8344,4188,4188,1352,1352,13884,5540,28293
2014-2015,Cardinia,Metropolitan ,16960.1602,8726.6201,8726.6201,5887,5887,31573.7803,14613.6201,65746
2014-2015,Casey,Metropolitan ,52370.2383,26608,26608,32236.2201,32236.2201,111214.4584,58844.2201,215008
2014-2015,Central Goldfields,Grampians Central West ,2364,1368.2,1299.8,282.41,282.41,4014.61,1582.21,10173
2014-2015,Colac-Otway,Barwon South West ,3692,1996.87,1836.27,2603,2603,8291.87,4439.27,15866
2014-2015,Corangamite,Barwon South West ,1813,1343,1050.23,1475,1475,4631,2525.23,12058
2014-2015,Darebin,Metropolitan ,26454,14363.79,12382.6299,10238,10238,51055.79,22620.6299,122823
2014-2015,East Gippsland,Gippsland ,7111.2798,4234.2998,4064.9299,4173.73,4173.73,15519.3096,8238.6599,35042
2014-2015,Frankston,Metropolitan ,24830,15957,15262.8701,13301,13301,54088,28563.8701,106008
2014-2015,Gannawarra,Loddon Mallee ,2275,1133.79,1133.79,100,0,3508.79,1133.79,7811
2014-2015,Glen Eira,Metropolitan ,31119,13394,13394,10665.46,10656.39,55178.46,24050.39,115814
2014-2015,Glenelg,Barwon South West ,2966,2059.48,1729.48,0,0,5025.48,1729.48,15015
2014-2015,Golden Plains,Grampians Central West ,5533,1637.02,1537.02,0,0,7170.02,1537.02,15366
2014-2015,Greater Bendigo,Loddon Mallee ,27510,10156,9196,0,0,37666,9196,83265
2014-2015,Greater Dandenong,Metropolitan ,29826,12022,10508,13597,12749,55445,23257,119563
2014-2015,Greater Geelong,Barwon South West ,45000,27035.6309,27035.6309,29557,29557,101592.6309,56592.6309,178508
2014-2015,Greater Shepparton,Goulburn Valley ,14172.4502,9772.21,9772.21,6623.6001,6313.3999,30568.2603,16085.6099,47832
2014-2015,Hepburn,Grampians Central West ,2203,1485,1109,0,0,3688,1109,12073
2014-2015,Hindmarsh,Grampians Central West ,1486,496,404,0,0,1982,404,4310
2014-2015,Hobsons Bay,Metropolitan ,18669.3809,10114.8301,9458.7402,7110.98,7110.98,35895.191,16569.7202,73598
2014-2015,Horsham,Grampians Central West ,5558,1515.1,1226.854,0,0,7073.1,1226.854,15209
2014-2015,Hume,Metropolitan ,42755.8789,16345,14629,5119.54,5119.54,64220.4189,19748.54,142650
2014-2015,Indigo,North East ,3130,1469,1469,553,553,5152,2022,11965
2014-2015,Kingston,Metropolitan ,30480,15440,14514,14156.9,14018.9,60076.9,28532.9,122931
2014-2015,Knox,Metropolitan ,28308,16330,15744,19274,19274,63912,35018,123684
2014-2015,Latrobe,Gippsland ,14902,6252.25,5553.8301,9202,9202,30356.25,14755.8301,56745
2014-2015,Loddon,Loddon Mallee ,1746.5699,607,607,0,0,2353.5699,607,5872
2014-2015,Macedon Ranges,Loddon Mallee ,8408.6602,4532.1001,4532.1001,2483.5601,2428.73,15424.3204,6960.8301,34521
2014-2015,Manningham,Metropolitan ,22015.7207,12475.1797,12475.1797,14342.1904,14342.1904,48833.0908,26817.3701,96945
2014-2015,Mansfield,North East ,2423.3799,1136.86,1036.86,0,0,3560.2399,1036.86,6382
2014-2015,Maribyrnong,Metropolitan ,19504.2793,7835.6201,7835.6201,2011.3199,2011.3199,29351.2193,9846.94,67387
2014-2015,Maroondah,Metropolitan ,20147,11915,10417,12994,12994,45056,23411,87620
2014-2015,Melbourne,Metropolitan ,26418.1309,7894,7080.9199,50.98,50.98,34363.1109,7131.8999,117220
2014-2015,Melton,Metropolitan ,23518,11382,10586,6424,6279,41324,16865,93911
2014-2015,Mildura,Loddon Mallee ,10980.75,6070.54,6070.54,0,0,17051.29,6070.54,40149
2014-2015,Mitchell,Goulburn Valley ,7470,3856,3856,0,0,11326,3856,29324
2014-2015,Moira,Goulburn Valley ,4841,2940,2940,1350,1343,9131,4283,22380
2014-2015,Monash,Metropolitan ,32121,16009,16009,19839,19839,67969,35848,151842
2014-2015,Moonee Valley,Metropolitan ,23552,10993,10255,7753,7698,42298,17953,95266
2014-2015,Moorabool,Grampians Central West ,5143.3198,2952.55,2752.55,0,0,8095.8698,2752.55,23922
2014-2015,Moreland,Metropolitan ,29556.6992,16012,13655,8485,8449,54053.6992,22104,135774
2014-2015,Mornington Peninsula,Metropolitan ,30012.8398,22139.8008,22139.8008,7485.9,7485.9,59638.5406,29625.7008,122383
2014-2015,Mount Alexander,Loddon Mallee ,2927,1651.55,1651.55,0,0,4578.55,1651.55,14819
2014-2015,Moyne,Barwon South West ,1860,1360,1360,1532,1532,4752,2892,12317
2014-2015,Murrindindi,Goulburn Valley ,2366,1341.01,1341.01,0,0,3707.01,1341.01,10930
2014-2015,Nillumbik,Metropolitan ,6184,7642.4702,7642.4702,7140,7140,20966.4702,14782.4702,48202
2014-2015,Northern Grampians,Grampians Central West ,2388,1483,1483,0,0,3871,1483,9303
2014-2015,Port Phillip,Metropolitan ,21302,11222,9482,0,0,32524,9482,92732
2014-2015,Pyrenees,Grampians Central West ,1812,380,0,90,90,2282,90,5610
2014-2015,Queenscliffe,Barwon South West ,1302.12,474.3,474.3,66,66,1842.42,540.3,2534
2014-2015,South Gippsland,Gippsland ,4149,2018,1857,0,0,6167,1857,21830
2014-2015,Southern Grampians,Barwon South West ,3500,1548,1548,320,320,5368,1868,12249
2014-2015,Stonnington,Metropolitan ,24347,10313,10138,3832,3832,38492,13970,93307
2014-2015,Strathbogie,Goulburn Valley ,1825,879,879,0,0,2704,879,8063
2014-2015,Surf Coast,Barwon South West ,5972,4275,4275,2873,2873,13120,7148,21656
2014-2015,Swan Hill,Loddon Mallee ,3892,1836,1469,209,209,5937,1678,15465
2014-2015,Towong,North East ,1892,746.48,746.48,0,0,2638.48,746.48,4567
2014-2015,Wangaratta,North East ,7417.98,3644.1001,3488.3999,0,0,11062.0801,3488.3999,21137
2014-2015,Warrnambool,Barwon South West ,5839,3709,3709,0,0,9548,3709,25790
2014-2015,Wellington,Gippsland ,7165,4655.7002,4252.2002,0,0,11820.7002,4252.2002,32660
2014-2015,West Wimmera,Grampians Central West ,901,210,183,0,0,1111,183,3108
2014-2015,Whitehorse,Metropolitan ,28682,17571,15883,12880,12880,59133,28763,132872
2014-2015,Whittlesea,Metropolitan ,39457,17383,15089,11290,11290,68130,26379,145693
2014-2015,Wodonga,North East ,7957,3441,3073,3091,3091,14489,6164,28813
2014-2015,Wyndham,Metropolitan ,41834,18059.5996,18059.5996,6367.7,6367.7,66261.2996,24427.2996,149897
2014-2015,Yarra,Metropolitan ,15342,9091.96,8406.96,347,347,24780.96,8753.96,76823
2014-2015,Yarra Ranges,Metropolitan ,29574,16922,14793,9388,9388,55884,24181,116182
2014-2015,Yarriambiack,Grampians Central West ,1760,566,550,0,0,2326,550,5384
2015-2016,Alpine,North East ,1578.1,1664.6801,1594.76,0,0,3242.7801,1594.76,9490
2015-2016,Ararat,Grampians Central West ,2290,802.7,802.7,0,0,3092.7,802.7,8737
2015-2016,Ballarat,Grampians Central West ,23122.6602,11268.1699,10937.0898,0,0,34390.8301,10937.0898,78968
2015-2016,Banyule,Metropolitan ,20700,13185,12315,9487,9487,43372,21802,100830
2015-2016,Bass Coast,Gippsland ,8358.4199,4433.7598,3813.1399,0,0,12792.1797,3813.1399,26265
2015-2016,Baw Baw,Gippsland ,8713,4667.1699,4303.1299,4747,4699.54,18127.1699,9002.6699,36517
2015-2016,Bayside,Metropolitan ,21176.75,11353.5801,11353.5801,9973,9973,42503.3301,21326.5801,79489
2015-2016,Benalla,North East ,2076,1599.13,1599.13,1433.63,1369.8,5108.76,2968.93,10608
2015-2016,Boroondara,Metropolitan ,37112,18559.1309,18559.1309,16861,16861,72532.1309,35420.1309,141148
2015-2016,Brimbank,Metropolitan ,42702,16760,13188,10147,10147,69609,23335,158069
2015-2016,Buloke,Loddon Mallee ,2641,846,846,0,0,3487,846,4642
2015-2016,Campaspe,Goulburn Valley ,7929,4109,4109,1302,1302,13340,5411,28430
2015-2016,Cardinia,Metropolitan ,17851,8815,8815,6042,6042,32708,14857,68960
2015-2016,Casey,Metropolitan ,55011,27314,27314,31140,31140,113465,58454,222458
2015-2016,Central Goldfields,Grampians Central West ,2355,1377.4,1308.4,294,294,4026.4,1602.4,10217
2015-2016,Colac-Otway,Barwon South West ,4826.6299,2248.3,2248.3,2017.7,2017.7,9092.6299,4266,15784
2015-2016,Corangamite,Barwon South West ,1776,1024.4,1024.4,1565,1565,4365.4,2589.4,11954
2015-2016,Darebin,Metropolitan ,26865,14177.6904,12193,10034,10034,51076.6904,22227,124931
2015-2016,East Gippsland,Gippsland ,7517,4146.9399,4146.9399,4485,4485,16148.9399,8631.9399,35595
2015-2016,Frankston,Metropolitan ,25261,15600.4805,14921.8604,12684,12684,53545.4805,27605.8604,106462
2015-2016,Gannawarra,Loddon Mallee ,2489,1222,1222,267,600,3978,1822,7845
2015-2016,Glen Eira,Metropolitan ,31015,13476,13476,11177,11177,55668,24653,117223
2015-2016,Glenelg,Barwon South West ,2966,1526.5,1227.306,0,0,4492.5,1227.306,14917
2015-2016,Golden Plains,Grampians Central West ,4060,2687,2687,0,0,6747,2687,15425
2015-2016,Greater Bendigo,Loddon Mallee ,27252,10195,9142,0,0,37447,9142,84709
2015-2016,Greater Dandenong,Metropolitan ,29454,12456,10777,13043,13043,54953,23820,121943
2015-2016,Greater Geelong,Barwon South West ,45000,27508.3301,27508.3301,29500,29500,102008.3301,57008.3301,182373
2015-2016,Greater Shepparton,Goulburn Valley ,17117.6504,6710.5298,6710.5298,8470.9004,8470.9004,32299.0806,15181.4302,47853
2015-2016,Hepburn,Grampians Central West ,2611,1485,1109,0,0,4096,1109,12023
2015-2016,Hindmarsh,Grampians Central West ,1093,453,372,0,0,1546,372,4220
2015-2016,Hobsons Bay,Metropolitan ,18847.5605,10127.5596,9475.7803,7123.7002,7123.7002,36098.8203,16599.4805,74019
2015-2016,Horsham,Grampians Central West ,5598.21,1799.27,1799.27,0,0,7397.48,1799.27,15299
2015-2016,Hume,Metropolitan ,44222.1602,16403,14764,5259,5259,65884.1602,20023,147127
2015-2016,Indigo,North East ,2040,1722,1722,2106,2106,5868,3828,12030
2015-2016,Kingston,Metropolitan ,31102,15162,14252,13757,13615,60021,27867,124218
2015-2016,Knox,Metropolitan ,28671,16482,13835,17744,17744,62897,31579,124376
2015-2016,Latrobe,Gippsland ,15115,5593,5593,8038,8038,28746,13631,56847
2015-2016,Loddon,Loddon Mallee ,2983,669.84,669.84,0,0,3652.84,669.84,5862
2015-2016,Macedon Ranges,Loddon Mallee ,8782,3876.1001,3876.1001,2556.7,2244.5,15214.8001,6120.6001,35033
2015-2016,Manningham,Metropolitan ,21686.9805,12155.3398,12155.3398,13698.0896,13698.0896,47540.4099,25853.4294,97614
2015-2016,Mansfield,North East ,2437.53,1259.89,1259.89,0,0,3697.42,1259.89,6393
2015-2016,Maribyrnong,Metropolitan ,18556,7020.3901,7020.3901,2097,2097,27673.3901,9117.3901,68700
2015-2016,Maroondah,Metropolitan ,20700,11716,10138,12544,12544,44960,22682,89259
2015-2016,Melbourne,Metropolitan ,21051.8594,9035.71,8105.0298,51.88,51.88,30139.4494,8156.9098,122123
2015-2016,Melton,Metropolitan ,25076.2598,11775.21,11775.21,9762.96,7445.77,46614.4298,19220.98,99945
2015-2016,Mildura,Loddon Mallee ,11290.6201,5430.3599,5213.4502,0,0,16720.98,5213.4502,40516
2015-2016,Mitchell,Goulburn Valley ,7667.52,3940.7,3941,0,0,11608.22,3941,29805
2015-2016,Moira,Goulburn Valley ,4513,3096,3096,3070,3057,10679,6153,22536
2015-2016,Monash,Metropolitan ,32389,14998.6201,14998.6201,17882,17882,65269.6201,32880.6201,154009
2015-2016,Moonee Valley,Metropolitan ,24169,11304,11304,7501,7501,42974,18805,97328
2015-2016,Moorabool,Grampians Central West ,5972.9502,3138.1399,2938.1399,0,0,9111.0901,2938.1399,24375
2015-2016,Moreland,Metropolitan ,30425,16419,13574,8598,8598,55442,22172,139247
2015-2016,Mornington Peninsula,Metropolitan ,30692.4199,22674,22674,8360.7402,8360.7402,61727.1601,31034.7402,123084
2015-2016,Mount Alexander,Loddon Mallee ,3131.4199,1363.01,1363.01,0,0,4494.4299,1363.01,14887
2015-2016,Moyne,Barwon South West ,1957,1239,1239,1545,1545,4741,2784,12385
2015-2016,Murrindindi,Goulburn Valley ,2471.8301,1359.88,1359.88,0,0,3831.7101,1359.88,11105
2015-2016,Nillumbik,Metropolitan ,6423.52,7486,7486,7013,7013,20922.52,14499,48205
2015-2016,Northern Grampians,Grampians Central West ,2385,1292,1292,0,0,3677,1292,9157
2015-2016,Port Phillip,Metropolitan ,21458,11106,9784,0,0,32564,9784,94569
2015-2016,Pyrenees,Grampians Central West ,1823,380,330,90,90,2293,420,5573
2015-2016,Queenscliffe,Barwon South West ,1116,450.43,450.43,511,511,2077.43,961.43,2521
2015-2016,South Gippsland,Gippsland ,3900,2228,2050,1700,1700,7828,3750,21678
2015-2016,Southern Grampians,Barwon South West ,2127,1612,1612,310,310,4049,1922,12196
2015-2016,Stonnington,Metropolitan ,24377,10150,10150,3238,3238,37765,13388,93307
2015-2016,Strathbogie,Goulburn Valley ,971,1029.13,961.23,1057,999,3057.13,1960.23,8074
2015-2016,Surf Coast,Barwon South West ,6290,4538.98,4538.98,2918,2918,13746.98,7456.98,22067
2015-2016,Swan Hill,Loddon Mallee ,3959,1928,1659,267,267,6154,1926,15576
2015-2016,Towong,North East ,1726,823,823,0,0,2549,823,4556
2015-2016,Wangaratta,North East ,5088,3111,3111,3255,3181,11454,6292,21049
2015-2016,Warrnambool,Barwon South West ,6273,3895,3895,0,0,10168,3895,26140
2015-2016,Wellington,Gippsland ,7264,4855,4434.1001,0,0,12119,4434.1001,32482
2015-2016,West Wimmera,Grampians Central West ,883,195.72,190.72,0,0,1078.72,190.72,3026
2015-2016,Whitehorse,Metropolitan ,28773,17296,16156,11615,11615,57684,27771,134641
2015-2016,Whittlesea,Metropolitan ,35167,16614,14570,11590,11590,63371,26160,152365
2015-2016,Wodonga,North East ,4458.1602,3957.5901,3553.9099,7297,7209.4302,15712.7503,10763.3401,29452
2015-2016,Wyndham,Metropolitan ,43899,18716,18716,6518,6518,69133,25234,156745
2015-2016,Yarra,Metropolitan ,15777,9346.6104,8596.0801,332,332,25455.6104,8928.0801,78970
2015-2016,Yarra Ranges,Metropolitan ,29943,17414,16265,9651,9651,57008,25916,116844
2015-2016,Yarriambiack,Grampians Central West ,1768,595,582,0,0,2363,582,5309
